"Method","AnalyzeLaunchVariance","EvaluateOverhead","MaxAbsoluteError","MaxRelativeError","MinInvokeCount","MinIterationTime","OutlierMode","LargeAddressAware","AllowVeryLargeObjects","Concurrent","Force","NoAffinitize","RetainVm","Server","Arguments","BuildConfiguration","EngineFactory","NuGetReferences","IsMutator","InvocationCount","IterationCount","IterationTime","LaunchCount","MaxIterationCount","MaxWarmupIterationCount","MemoryRandomization","MinIterationCount","MinWarmupIterationCount","RunStrategy","UnrollFactor","WarmupCount","Length","Mean","Error","StdDev","Min","Max","Ratio","RatioSD","Gen0","Gen1","Allocated","Alloc Ratio"
"HexToBytesCompact","False","Default","Default","Default","Default","Default","Default","Default","False","True","True","False","False","False","Default","Default","Default","Default","Default","Default","5","Default","1","Default","Default","Default","Default","Default","Default","16","3","16","224.164 ns","6.6200 ns","1.0245 ns","223.384 ns","225.612 ns","1.00","0.01","0.0234","0.0000","1184 B","1.00"
"HexToBytesSeparatedAndPrefixed","False","Default","Default","Default","Default","Default","Default","Default","False","True","True","False","False","False","Default","Default","Default","Default","Default","Default","5","Default","1","Default","Default","Default","Default","Default","Default","16","3","16","257.786 ns","7.6392 ns","1.9839 ns","255.418 ns","260.180 ns","1.15","0.01","0.0253","0.0000","1280 B","1.08"
"ByteUtilsBytesToHex","False","Default","Default","Default","Default","Default","Default","Default","False","True","True","False","False","False","Default","Default","Default","Default","Default","Default","5","Default","1","Default","Default","Default","Default","Default","Default","16","3","16","574.799 ns","32.1185 ns","4.9704 ns","569.888 ns","581.305 ns","2.56","0.02","0.0191","0.0000","992 B","0.84"
"HexToolToString","False","Default","Default","Default","Default","Default","Default","Default","False","True","True","False","False","False","Default","Default","Default","Default","Default","Default","5","Default","1","Default","Default","Default","Default","Default","Default","16","3","16","138.934 ns","5.5997 ns","0.8666 ns","137.719 ns","139.642 ns","0.62","0.00","0.0296","0.0000","1488 B","1.26"
"HexToolByteArrayToString","False","Default","Default","Default","Default","Default","Default","Default","False","True","True","False","False","False","Default","Default","Default","Default","Default","Default","5","Default","1","Default","Default","Default","Default","Default","Default","16","3","16","249.526 ns","5.1487 ns","1.3371 ns","247.430 ns","250.817 ns","1.11","0.01","0.0134","0.0000","672 B","0.57"
"HexEncodingAscii","False","Default","Default","Default","Default","Default","Default","Default","False","True","True","False","False","False","Default","Default","Default","Default","Default","Default","5","Default","1","Default","Default","Default","Default","Default","Default","16","3","16","8.578 ns","0.5107 ns","0.1326 ns","8.429 ns","8.760 ns","0.04","0.00","0.0022","0.0000","112 B","0.09"
"HexToBytesCompact","False","Default","Default","Default","Default","Default","Default","Default","False","True","True","False","False","False","Default","Default","Default","Default","Default","Default","5","Default","1","Default","Default","Default","Default","Default","Default","16","3","256","3,614.733 ns","357.7237 ns","92.8997 ns","3,536.371 ns","3,762.120 ns","1.00","0.03","0.3510","0.0000","17744 B","1.00"
"HexToBytesSeparatedAndPrefixed","False","Default","Default","Default","Default","Default","Default","Default","False","True","True","False","False","False","Default","Default","Default","Default","Default","Default","5","Default","1","Default","Default","Default","Default","Default","Default","16","3","256","3,982.874 ns","80.9269 ns","21.0165 ns","3,957.794 ns","4,006.816 ns","1.10","0.03","0.3815","0.0000","19280 B","1.09"
"ByteUtilsBytesToHex","False","Default","Default","Default","Default","Default","Default","Default","False","True","True","False","False","False","Default","Default","Default","Default","Default","Default","5","Default","1","Default","Default","Default","Default","Default","Default","16","3","256","8,445.075 ns","258.4903 ns","67.1291 ns","8,366.553 ns","8,534.862 ns","2.34","0.06","0.1984","0.0000","10656 B","0.60"
"HexToolToString","False","Default","Default","Default","Default","Default","Default","Default","False","True","True","False","False","False","Default","Default","Default","Default","Default","Default","5","Default","1","Default","Default","Default","Default","Default","Default","16","3","256","1,973.266 ns","59.8874 ns","15.5526 ns","1,959.083 ns","1,993.779 ns","0.55","0.01","0.4082","0.0019","20496 B","1.16"
"HexToolByteArrayToString","False","Default","Default","Default","Default","Default","Default","Default","False","True","True","False","False","False","Default","Default","Default","Default","Default","Default","5","Default","1","Default","Default","Default","Default","Default","Default","16","3","256","4,590.891 ns","488.0952 ns","126.7568 ns","4,477.434 ns","4,752.303 ns","1.27","0.04","0.1831","0.0000","9312 B","0.52"
"HexEncodingAscii","False","Default","Default","Default","Default","Default","Default","Default","False","True","True","False","False","False","Default","Default","Default","Default","Default","Default","5","Default","1","Default","Default","Default","Default","Default","Default","16","3","256","76.407 ns","3.4502 ns","0.5339 ns","75.643 ns","76.886 ns","0.02","0.00","0.0213","0.0000","1072 B","0.06"
"HexToBytesCompact","False","Default","Default","Default","Default","Default","Default","Default","False","True","True","False","False","False","Default","Default","Default","Default","Default","Default","5","Default","1","Default","Default","Default","Default","Default","Default","16","3","4096","57,946.756 ns","1,591.1369 ns","246.2302 ns","57,632.391 ns","58,149.719 ns","1.00","0.01","5.6152","0.4272","282704 B","1.00"
"HexToBytesSeparatedAndPrefixed","False","Default","Default","Default","Default","Default","Default","Default","False","True","True","False","False","False","Default","Default","Default","Default","Default","Default","5","Default","1","Default","Default","Default","Default","Default","Default","16","3","4096","72,922.585 ns","2,226.5898 ns","578.2383 ns","72,172.070 ns","73,579.614 ns","1.26","0.01","6.1035","0.9766","307280 B","1.09"
"ByteUtilsBytesToHex","False","Default","Default","Default","Default","Default","Default","Default","False","True","True","False","False","False","Default","Default","Default","Default","Default","Default","5","Default","1","Default","Default","Default","Default","Default","Default","16","3","4096","132,317.188 ns","2,250.2792 ns","348.2332 ns","131,926.611 ns","132,770.532 ns","2.28","0.01","2.9297","0.2441","156736 B","0.55"
"HexToolToString","False","Default","Default","Default","Default","Default","Default","Default","False","True","True","False","False","False","Default","Default","Default","Default","Default","Default","5","Default","1","Default","Default","Default","Default","Default","Default","16","3","4096","30,297.050 ns","5,091.2520 ns","787.8769 ns","29,787.946 ns","31,471.634 ns","0.52","0.01","6.3477","0.7324","319920 B","1.13"
"HexToolByteArrayToString","False","Default","Default","Default","Default","Default","Default","Default","False","True","True","False","False","False","Default","Default","Default","Default","Default","Default","5","Default","1","Default","Default","Default","Default","Default","Default","16","3","4096","76,355.429 ns","2,364.1161 ns","365.8496 ns","76,058.789 ns","76,846.191 ns","1.32","0.01","2.9297","0.2441","147552 B","0.52"
"HexEncodingAscii","False","Default","Default","Default","Default","Default","Default","Default","False","True","True","False","False","False","Default","Default","Default","Default","Default","Default","5","Default","1","Default","Default","Default","Default","Default","Default","16","3","4096","1,087.505 ns","40.3439 ns","6.2433 ns","1,080.012 ns","1,095.286 ns","0.02","0.00","0.3262","0.0038","16432 B","0.06"
