"Method","AnalyzeLaunchVariance","EvaluateOverhead","MaxAbsoluteError","MaxRelativeError","MinInvokeCount","MinIterationTime","OutlierMode","LargeAddressAware","AllowVeryLargeObjects","Concurrent","Force","NoAffinitize","RetainVm","Server","Arguments","BuildConfiguration","EngineFactory","NuGetReferences","IsMutator","InvocationCount","IterationCount","IterationTime","LaunchCount","MaxIterationCount","MaxWarmupIterationCount","MemoryRandomization","MinIterationCount","MinWarmupIterationCount","RunStrategy","UnrollFactor","WarmupCount","WorkerCount","Mean","Error","StdDev","Min","Max","Gen0","Allocated"
"HotHitSingleThread","False","Default","Default","Default","Default","Default","Default","Default","False","True","True","False","False","False","Default","Default","Default","Default","Default","Default","5","Default","1","Default","Default","Default","Default","Default","Default","16","3","1","22.44 ns","0.622 ns","0.096 ns","22.30 ns","22.50 ns","0.0000","0 B"
"HotMissSingleThread","False","Default","Default","Default","Default","Default","Default","Default","False","True","True","False","False","False","Default","Default","Default","Default","Default","Default","5","Default","1","Default","Default","Default","Default","Default","Default","16","3","1","15.76 ns","0.162 ns","0.042 ns","15.72 ns","15.82 ns","0.0000","0 B"
"ContendedHits","False","Default","Default","Default","Default","Default","Default","Default","False","True","True","False","False","False","Default","Default","Default","Default","Default","Default","5","Default","1","Default","Default","Default","Default","Default","Default","16","3","1","32,747.18 ns","647.611 ns","100.219 ns","32,627.83 ns","32,859.71 ns","0.0305","1864 B"
"HotHitSingleThread","False","Default","Default","Default","Default","Default","Default","Default","False","True","True","False","False","False","Default","Default","Default","Default","Default","Default","5","Default","1","Default","Default","Default","Default","Default","Default","16","3","4","22.18 ns","0.330 ns","0.051 ns","22.13 ns","22.24 ns","0.0000","0 B"
"HotMissSingleThread","False","Default","Default","Default","Default","Default","Default","Default","False","True","True","False","False","False","Default","Default","Default","Default","Default","Default","5","Default","1","Default","Default","Default","Default","Default","Default","16","3","4","15.75 ns","0.138 ns","0.036 ns","15.71 ns","15.79 ns","0.0000","0 B"
"ContendedHits","False","Default","Default","Default","Default","Default","Default","Default","False","True","True","False","False","False","Default","Default","Default","Default","Default","Default","5","Default","1","Default","Default","Default","Default","Default","Default","16","3","4","175,316.55 ns","8,583.418 ns","2,229.087 ns","173,190.26 ns","178,098.41 ns","0.0000","2688 B"
"HotHitSingleThread","False","Default","Default","Default","Default","Default","Default","Default","False","True","True","False","False","False","Default","Default","Default","Default","Default","Default","5","Default","1","Default","Default","Default","Default","Default","Default","16","3","16","23.06 ns","2.788 ns","0.724 ns","22.38 ns","23.89 ns","0.0000","0 B"
"HotMissSingleThread","False","Default","Default","Default","Default","Default","Default","Default","False","True","True","False","False","False","Default","Default","Default","Default","Default","Default","5","Default","1","Default","Default","Default","Default","Default","Default","16","3","16","15.83 ns","0.306 ns","0.080 ns","15.76 ns","15.95 ns","0.0000","0 B"
"ContendedHits","False","Default","Default","Default","Default","Default","Default","Default","False","True","True","False","False","False","Default","Default","Default","Default","Default","Default","5","Default","1","Default","Default","Default","Default","Default","Default","16","3","16","1,425,867.83 ns","60,922.872 ns","15,821.476 ns","1,406,331.93 ns","1,446,797.36 ns","0.0000","5838 B"
