"Method","AnalyzeLaunchVariance","EvaluateOverhead","MaxAbsoluteError","MaxRelativeError","MinInvokeCount","MinIterationTime","OutlierMode","LargeAddressAware","AllowVeryLargeObjects","Concurrent","Force","NoAffinitize","RetainVm","Server","Arguments","BuildConfiguration","EngineFactory","NuGetReferences","IsMutator","InvocationCount","IterationCount","IterationTime","LaunchCount","MaxIterationCount","MaxWarmupIterationCount","MemoryRandomization","MinIterationCount","MinWarmupIterationCount","RunStrategy","UnrollFactor","WarmupCount","Size","Pattern","Mean","Error","StdDev","Min","Max","Gen0","Gen1","Gen2","Allocated"
"Analyze","False","Default","Default","Default","Default","Default","Default","Default","False","True","True","False","False","False","Default","Default","Default","Default","Default","Default","5","Default","1","Default","Default","Default","Default","Default","Default","16","3","64","OpaqueColor","43.94 μs","0.729 μs","0.189 μs","43.73 μs","44.22 μs","31.1890","31.1890","31.1890","252.22 KB"
"Determine","False","Default","Default","Default","Default","Default","Default","Default","False","True","True","False","False","False","Default","Default","Default","Default","Default","Default","5","Default","1","Default","Default","Default","Default","Default","Default","16","3","64","OpaqueColor","44.00 μs","1.301 μs","0.338 μs","43.69 μs","44.47 μs","31.1890","31.1890","31.1890","252.22 KB"
"Analyze","False","Default","Default","Default","Default","Default","Default","Default","False","True","True","False","False","False","Default","Default","Default","Default","Default","Default","5","Default","1","Default","Default","Default","Default","Default","Default","16","3","64","BinaryAlpha","44.03 μs","0.856 μs","0.222 μs","43.79 μs","44.36 μs","31.1890","31.1890","31.1890","252.22 KB"
"Determine","False","Default","Default","Default","Default","Default","Default","Default","False","True","True","False","False","False","Default","Default","Default","Default","Default","Default","5","Default","1","Default","Default","Default","Default","Default","Default","16","3","64","BinaryAlpha","44.19 μs","1.016 μs","0.264 μs","43.80 μs","44.51 μs","31.1890","31.1890","31.1890","252.22 KB"
"Analyze","False","Default","Default","Default","Default","Default","Default","Default","False","True","True","False","False","False","Default","Default","Default","Default","Default","Default","5","Default","1","Default","Default","Default","Default","Default","Default","16","3","64","SmoothAlpha","22.39 μs","0.084 μs","0.022 μs","22.37 μs","22.42 μs","0.2441","0.0000","0.0000","12.65 KB"
"Determine","False","Default","Default","Default","Default","Default","Default","Default","False","True","True","False","False","False","Default","Default","Default","Default","Default","Default","5","Default","1","Default","Default","Default","Default","Default","Default","16","3","64","SmoothAlpha","22.47 μs","0.135 μs","0.035 μs","22.43 μs","22.52 μs","0.2441","0.0000","0.0000","12.65 KB"
"Analyze","False","Default","Default","Default","Default","Default","Default","Default","False","True","True","False","False","False","Default","Default","Default","Default","Default","Default","5","Default","1","Default","Default","Default","Default","Default","Default","16","3","256","OpaqueColor","1,043.68 μs","73.493 μs","19.086 μs","1,028.48 μs","1,067.70 μs","599.6094","599.6094","599.6094","2272.92 KB"
"Determine","False","Default","Default","Default","Default","Default","Default","Default","False","True","True","False","False","False","Default","Default","Default","Default","Default","Default","5","Default","1","Default","Default","Default","Default","Default","Default","16","3","256","OpaqueColor","1,031.45 μs","88.869 μs","23.079 μs","1,012.11 μs","1,066.72 μs","599.6094","599.6094","599.6094","2272.92 KB"
"Analyze","False","Default","Default","Default","Default","Default","Default","Default","False","True","True","False","False","False","Default","Default","Default","Default","Default","Default","5","Default","1","Default","Default","Default","Default","Default","Default","16","3","256","BinaryAlpha","1,093.59 μs","106.236 μs","27.589 μs","1,064.92 μs","1,128.98 μs","599.6094","599.6094","599.6094","2272.92 KB"
"Determine","False","Default","Default","Default","Default","Default","Default","Default","False","True","True","False","False","False","Default","Default","Default","Default","Default","Default","5","Default","1","Default","Default","Default","Default","Default","Default","16","3","256","BinaryAlpha","1,051.48 μs","37.052 μs","9.622 μs","1,035.46 μs","1,061.01 μs","599.6094","599.6094","599.6094","2272.92 KB"
"Analyze","False","Default","Default","Default","Default","Default","Default","Default","False","True","True","False","False","False","Default","Default","Default","Default","Default","Default","5","Default","1","Default","Default","Default","Default","Default","Default","16","3","256","SmoothAlpha","342.21 μs","1.851 μs","0.481 μs","341.57 μs","342.87 μs","0.0000","0.0000","0.0000","12.65 KB"
"Determine","False","Default","Default","Default","Default","Default","Default","Default","False","True","True","False","False","False","Default","Default","Default","Default","Default","Default","5","Default","1","Default","Default","Default","Default","Default","Default","16","3","256","SmoothAlpha","342.66 μs","1.032 μs","0.160 μs","342.47 μs","342.85 μs","0.0000","0.0000","0.0000","12.65 KB"
